environment,cloud_cost_mean,cloud_cost_median,cloud_cost_sum,cloud_cost_count,incident_count_mean,incident_count_median,incident_count_sum,incident_count_count,deployment_count_mean,deployment_count_median,deployment_count_sum,deployment_count_count,error_rate_mean,error_rate_median,error_rate_sum,error_rate_count,confidence
Development,61.82477871519592,58.94901290450058,32581.65838290825,527,1.8918406072106262,2.0,997,527,16.163187855787477,13.0,8518,527,0.024526966892574897,0.0238465803147512,12.92571155238697,527,HIGH CONFIDENCE
Production,623.217304278987,585.2744147145829,631319.1292346137,1013,1.8983218163869695,2.0,1923,1013,16.080947680157948,13.0,16290,1013,0.013128013496987584,0.0132007556743052,13.298677672448422,1013,HIGH CONFIDENCE
Staging,58.66785402477861,55.141275265965064,26987.212851398162,460,1.8413043478260869,2.0,847,460,16.547826086956523,14.0,7612,460,0.02614325788813257,0.02695990692231095,12.025898628540983,460,HIGH CONFIDENCE
