region,cloud_cost_mean,cloud_cost_median,cloud_cost_sum,cloud_cost_count,incident_count_mean,incident_count_median,incident_count_sum,incident_count_count,deployment_count_mean,deployment_count_median,deployment_count_sum,deployment_count_count,error_rate_mean,error_rate_median,error_rate_sum,error_rate_count,confidence
APAC,362.04525858922227,210.23327516526751,72771.09697643368,201,1.9850746268656716,2.0,399,201,16.218905472636816,13.0,3260,201,0.018385585528067055,0.0153622451693347,3.6955026911414777,201,HIGH CONFIDENCE
Europe,356.8197339230126,151.41944740899697,219444.13636265276,615,2.12520325203252,2.0,1307,615,15.973983739837399,13.0,9824,615,0.01915280475757427,0.0178639421478391,11.778974925908175,615,HIGH CONFIDENCE
India,332.66611223375116,128.94254745307433,124417.12597542294,374,1.1737967914438503,1.0,439,374,16.489304812834224,13.0,6167,374,0.019228040457062667,0.0176583399890317,7.191287130941437,374,HIGH CONFIDENCE
US,338.58721130174166,133.58214868113387,274255.6411544107,810,2.0024691358024693,2.0,1622,810,16.258024691358024,14.0,13169,810,0.01924015198195714,0.01730159463860115,15.584523105385285,810,HIGH CONFIDENCE
