team,cloud_cost_mean,cloud_cost_median,cloud_cost_sum,cloud_cost_count,incident_count_mean,incident_count_median,incident_count_sum,incident_count_count,deployment_count_mean,deployment_count_median,deployment_count_sum,deployment_count_count,error_rate_mean,error_rate_median,error_rate_sum,error_rate_count,confidence
Backend,299.0739293806635,99.81926855376324,243446.17851586008,814,1.8771498771498771,2.0,1528,814,25.01842751842752,25.0,20365,814,0.01951135279305547,0.01811412529561255,15.882241173547152,814,HIGH CONFIDENCE
Data,452.30728538958203,189.69786691244008,256910.5381012826,568,1.7517605633802817,2.0,995,568,10.209507042253522,10.0,5799,568,0.01808362358072046,0.0165324748291587,10.271498193849222,568,HIGH CONFIDENCE
Frontend,305.68584571534205,106.50446295413576,181577.39235491317,594,1.8249158249158248,2.0,1084,594,10.094276094276093,10.0,5996,594,0.019802435592460307,0.0176334879056311,11.762646741921422,594,HIGH CONFIDENCE
Platform,373.0788123693439,327.9294268650249,8953.891496864253,24,6.666666666666667,7.0,160,24,10.833333333333334,11.0,260,24,0.013912572669107441,0.01376568881475425,0.3339017440585786,24,LOW CONFIDENCE
