environment,Total_Cloud_Cost,Average_Cloud_Cost,Average_Incidents,Deployment_Totals
dev,294673.7896161132,362.0071125505076,1.2678132678132679,4588
production,624224.1465091826,1054.43267991416,2.3158783783783785,3244
staging,208901.74570070487,351.6864405735772,1.3232323232323233,3257
