team,dev,production,staging
Backend,141972.43641403154,303111.0676514373,99271.2739780627
Data,45752.5091379124,97834.41230602024,33040.305114112154
DevOps,20259.0688976716,52079.033252220455,13599.1677399047
Frontend,42033.84001709859,77444.19427963842,30807.343445324925
Mobile,21439.671431575607,54568.45327538997,16916.50353004237
Security,23216.26371782343,39186.98574447624,15267.151893257995
