team,Total_Cloud_Cost,Average_Cloud_Cost,Median_Cloud_Cost,Incident_Count,Deployment_Count,Record_Count
Backend,544354.7780435316,885.1297203959863,700.673977480448,1445,3425,615
Data,176627.2265580448,422.5531735838392,331.71210485480833,540,2260,418
DevOps,85937.26988979675,447.5899473426914,329.17681422147837,259,1123,192
Frontend,150285.37774206194,403.9929509195214,310.98917880444304,460,2057,372
Mobile,92924.62823700794,451.09042833499,354.8899664674167,263,1130,206
Security,77670.40135555765,394.2659967287191,309.382498154135,222,1094,197
