Column,Mean,Median,Standard_Deviation,Skewness,Kurtosis
Monthly_Cost,5044.933675728016,5056.234841892378,2854.5803254031553,-0.0008882881332474719,-1.200627069100519
Incident_Count,4.49179,4.0,2.8726843054974194,0.005006016198847262,-1.224216530011629
Risk_Score,46.561116175399164,46.52999842072147,15.656135384594275,0.0048451345184869436,-0.4955287223296061
