stage,users,conversion_rate,dropoff_count,dropoff_percentage
Dataset Uploaded,5000,1.0,0,0.0
Validation Completed,4001,0.8002,999,0.1998
Analysis Generated,2488,0.6218445388652837,1513,0.3781554611347163
Report Viewed,1712,0.6881028938906752,776,0.31189710610932475
Dashboard Shared,670,0.39135514018691586,1042,0.6086448598130841
